start	end	text
0	4000	Si nous le jouons directement, nous avons ceci.
25000	28000	Bonjour, c'est Alex Citibo.
29000	33000	Bienvenue au second épisode de Making Music in Shadotoy.
33000	37000	Dans l'un des premiers épisodes, nous avons regardé des basiques
37000	41000	de l'utiliser le sound buffer en Shadotoy
41000	44000	et comment utiliser pour créer des notes
44000	48000	avec différentes fréquences, timbres, panneaux.
48000	52000	Nous avons joué avec des formes de la waveform,
52000	54000	incluant la modulation de la fréquence,
55000	60000	et nous avons utilisé pour créer un syntho simple
60000	62000	et une mélodie simple.
62000	65000	Aujourd'hui, j'aimerais couvrir un peu plus bas
65000	69000	pour savoir pourquoi est FM
69000	72000	un outil convenant
72000	75000	pour faire le sound design en Shadotoy.
75000	79000	Comment pouvons-nous comprendre ces paramètres
79000	82000	et comment pouvons-nous utiliser pour créer
82000	85000	des instruments intéressants ?
85000	92000	Aujourd'hui, nous allons créer un pad et un syntho lead
92000	96000	avec des mélodies pour ces instruments.
96000	100000	Avant de commencer, je vous encourage
100000	104000	à essayer de couvrir avec moi si c'est possible pour vous.
104000	108000	La raison pour laquelle vous allez avoir
108000	112000	beaucoup plus d'outils.
112000	115000	Si vous n'avez pas besoin d'autre chose,
115000	117000	vous pouvez aller à Shadotoy.com
117000	119000	et ouvrir un nouveau shader
119000	122000	avec le sound tab et vous allez bien.
122000	124000	Si vous n'avez pas perdu à quel point
124000	126000	vous pouvez toujours poser le vidéo
126000	129000	ou vous pouvez juste suivre le lien
129000	131000	dans la description
131000	133000	pour le code que nous allons obtenir
133000	137000	à la fin de l'épisode d'aujourd'hui.
137000	141000	Allons-y !
141000	143840	Aujourd'hui, nous allons
143840	150000	travailler avec la modulation de la fréquence.
150000	153000	Qu'est-ce que ce que c'est ?
153000	157000	C'est quand vous avez une waveforme répétie
157000	160000	mais cette waveforme est répétie
160000	162000	avec une période différente
162000	165000	selon le temps.
165000	168000	Vous avez une fréquence instantanée
168000	171000	FFT
171000	175000	fréquence instantanée
175000	179000	et puis vous avez un signal
179000	182000	On va utiliser une fonction de signes
182000	184000	ici, comme une waveforme
184000	188000	vous pouvez utiliser d'autres formes de waveforms
188000	192000	et ce sera le sign de la phase.
193000	195000	Qu'est-ce que la fonction de phase
195000	196000	devrait être utilisé ?
196000	198000	C'est une phase de T ici.
198000	200000	Qu'est-ce que la fonction de phase
200000	202000	devrait être utilisé
202000	204000	pour obtenir la fréquence qu'on veut ?
204000	208000	La profondeur qu'on a besoin
208000	210000	est que la durée de temps
210000	212000	de la fonction de phase
212000	214000	devrait être d'une pi
215000	217000	fois FFT.
217000	219000	Je vais définir
221000	223000	ce micro ici
223000	225000	comme la dernière fois
227000	230000	on va utiliser le constant beaucoup.
231000	233000	La phase devrait être
233000	235000	l'intégral
235000	237000	de cette phase prime.
239000	241000	La phase de T
241000	243000	devrait être l'intégral
244000	247000	de pi x FFT
247000	249000	de T.
249000	251000	Il peut être l'intégral
251000	253000	ou il peut être un constant
253000	255000	de la phase prime.
255000	257000	On va voir des espèces spéciales.
259000	261000	D'abord, on va voir
261000	263000	ce qui se passe si nous avons
263000	265000	une fréquence constante.
265000	267000	En ce cas, c'est assez
267000	269000	obvious
269000	271000	mais on va faire la calculation.
271000	273000	La phase prime
273000	275000	de T
275000	277000	sera 2 pi
277000	279000	fois FFT.
279000	281000	Si nous intégrons
281000	283000	cette phase
283000	285000	de T
285000	287000	qui est de pi x FFT
287000	289000	de T plus un constant
291000	293000	donc le signal
293000	295000	à la fin
295000	297000	sera
297000	299000	le signe
299000	301000	de pi x FFT
301000	303000	plus un constant.
303000	305000	Ici
305000	307000	le constant c'est juste
307000	309000	la phase offset
309000	311000	donc vous pouvez juste le mettre
311000	313000	si vous voulez.
313000	315000	Nos yeux
315000	317000	ne peuvent vraiment détecter
317000	319000	si il y a une phase shift
319000	321000	ou pas.
321000	323000	On va voir
323000	325000	ce qui se passe
325000	327000	si nous avons
327000	329000	une fréquence constante.
333000	335000	Ça se passe
335000	337000	si nous avons une variation synésoidale.
339000	341000	On va introduire
341000	343000	une
343000	345000	fréquence carrière
347000	349000	appelée FC.
349000	351000	On va introduire
351000	353000	une fréquence modulée
353000	355000	appelée FM
355000	357000	et
357000	359000	on va
359000	361000	introduire
361000	363000	une fréquence
363000	365000	de déviation
365000	367000	et ça
367000	369000	sera appelé DF.
369000	371000	FFT
371000	373000	sera
373000	375000	une fC
375000	377000	plus
377000	379000	un DF
379000	381000	de cosine
381000	383000	de 2 pi
383000	385000	x T.
385000	387000	J'ai utilisé un cosine
387000	389000	pour un changement.
389000	391000	Ce que nous voulons
391000	393000	c'est que la phase prime
393000	394000	de T
394000	395000	est 2 pi
395000	396000	de pi
396000	398000	ou tout ça.
401000	403000	Qu'est-ce qu'on doit mettre
403000	405000	en phase de T ?
405000	407000	Nous avons
407000	409000	la première termine
409000	411000	qui est 2 pi x FC x T
413000	421000	Et puis, let's integrate the second term.
421000	429000	Let me make this a little bit clearer by distributing the two parts.
429000	436000	So how do we integrate cosine of constant times t?
436000	440000	Le constant est out.
440000	446000	Donc nous devons diviser par 2pi times fm.
446000	450000	Et puis l'intégral de cosine est sine.
450000	468000	Nous allons obtenir 2pi times tf over 2pi times fm times sine f2pi times fm times t.
468000	476000	C'est évidemment le 2pi que l'on annonce.
476000	480000	Et c'est ce que l'on obtient.
480000	507000	Donc à la fin, notre signal sera 2pi times fc times t plus df over fm times sine f2pi times fm times t.
507000	521000	Donc c'est la modulation de fréquence quand la fonction modulée est sine.
521000	528000	Ce que l'on peut introduire est l'index de modulation, iom.
528000	533000	C'est ce que j'ai introduit la dernière fois.
533000	540000	C'est juste df over fm.
540000	543000	Alors que nous n'avons que de l'IOM ici.
543000	549000	Nous allons défendre un macro pour tout ceci.
549000	558000	Comment l'on fait de la modulation de fréquence avec fc, fm et iom?
558000	577000	Nous allons rétablir un signal de fc times 2pi times fc times t plus iom times sine f2pi times fm times t.
577000	583000	Je vais assumer que la t est définie dans le contexte.
583000	590000	Et j'ai mis des parenthèses autour de fc et fm et iom.
590000	598000	Juste en cas d'expressions. Parce que ce sera en ligne.
598000	603000	Nous allons défendre ceci.
603000	614000	Ce que j'aimerais faire maintenant, c'est de voir le spectre de ce son.
614000	624000	Alors, nous allons introduire un signal, juste comme la dernière fois,
624000	626000	qui nous retournons.
626000	632000	Et pour le signal, nous allons ajouter ce fm.
632000	644000	Nous allons essayer une wave de 1 kHz avec un modulateur de 100 Hz.
644000	651000	Et pour la no-modulation, je vais mettre une petite amplitude,
651000	656000	juste pour que ce soit pas trop obnoxieux.
656000	660000	Alors, j'ai ouvert un spectre analyzer.
660000	666000	Je ne sais pas ce que c'est, c'est un outil qui nous permet de voir
666000	669000	quelle frequencies sont présentes dans notre signal.
669000	673000	Ce que ça fait, c'est que ça écoute à l'outil de l'outil de l'étoile,
673000	676000	ça choque le signal dans deux portes de temps.
676000	686000	Et sur chaque port, ça décompose le signal comme un nombre de components sinusoidales.
686000	691000	Et ça nous choque l'amplitude de chaque component de ça.
691000	698000	Alors, si nous le mettons, maintenant, nous faisons un fm, mais nous n'avons pas de modulation,
698000	702000	parce que l'index de modulation est 0.
702000	709000	Donc, ce que nous devons faire, c'est une pure wave de signal.
709000	715000	Et c'est ce que nous avons.
715000	719000	Maintenant, si j'ai augmenté l'index de modulation,
719000	722000	qu'est-ce que vous pensez que ça va arriver ?
722000	726000	On va essayer.
726000	728000	C'est intéressant.
728000	737000	Ce que nous avons, c'est que la fréquence centrale reste à 1.000 Hz,
738000	744000	mais ensuite, nous avons des peaks, des components sinusodales,
744000	756000	à 900, 800, 700, et nous avons aussi des components à 1100, 1200, etc.
756000	766000	Maintenant, je réalise qu'il y a un peu d'issue dans mon code,
766000	772000	parce qu'on utilise un signe d'un grand nombre.
772000	777000	On va mettre le mod à 1.
777000	782000	On peut juste utiliser la fréquence,
782000	789000	et faire la même chose qu'ici,
789000	797000	pour que ça ne se débrouille après quelques secondes.
798000	803000	Maintenant, ce que vous pensez que ça va arriver,
803000	809000	si j'ai augmenté la fréquence de modulation.
809000	815000	On voit que la fréquence centrale était basée à 100 Hz,
815000	821000	si j'ai augmenté la fréquence de modulation à 120 Hz,
821000	837000	bien sûr, la fréquence centrale était basée à 100 Hz.
837000	846000	Qu'est-ce qui va arriver si j'ai augmenté la fréquence de modulation à 2 Hz?
846000	854000	Bien sûr, ça va aller jusqu'à 2 Hz.
854000	859000	Maintenant, ce que vous pensez que ça va arriver,
859000	864000	si j'ai augmenté la fréquence de modulation?
864000	867000	On va essayer ça.
868000	872000	On a un peu plus de pique.
872000	876000	La fréquence de modulation s'améliore,
876000	883000	à l'aide de notre signe.
883000	886000	Comme vous le voyez, ça s'améliore et s'améliore
886000	892000	et s'occupe de plus en plus de la fréquence.
893000	898000	On va mettre la fréquence de modulation à 2 Hz et à 100 Hz
898000	903000	et voir précisément ce qui se passe ici.
903000	907000	Si nous sommes au centre de la fréquence de modulation à 2 Hz,
907000	913000	nous avons un modulateur de 100 Hz et un index de modulation de 10 Hz.
914000	924000	On voit que la fréquence de modulation de modulation
924000	925000	...
925000	926000	...
926000	927000	...
927000	928000	...
928000	929000	...
929000	930000	...
930000	931000	...
931000	932000	...
932000	933000	...
933000	934000	...
934000	935000	...
935000	936000	...
936000	939000	...
939000	940000	...
940000	942000	...
942000	943000	...
943000	944000	...
944000	945000	...
945000	946000	...
946000	947000	...
947000	948000	...
948000	949000	...
949000	950000	...
950000	951000	...
951000	952000	...
952000	953000	...
953000	954000	...
955000	957000	...
957000	958000	...
958000	959000	...
959000	960000	...
960000	961000	...
961000	962000	...
962000	963000	...
963000	964000	...
964000	976660	100 Hz, donc nous pouvons interpréter ça comme, bon, les audibles sidebends
976660	991140	RFC plus ou moins, n times fn, for n is equal to about the index of modulation
991140	1003020	That's not exactly, depending on where you cut, you can consider that it's a slightly wider thing but
1003020	1013740	that's a rule of thumb. Alright, before we move on, what do you think happens if the audible sideband
1013740	1031180	gets a negative frequency? For instance, let's try 500 Hz and with a 300 Hz modulation and 2 as an
1031180	1042580	index of modulation, so here, we've got 500 Hz, let's look at the lower sideband, so 500 minus 300
1042580	1053940	is 200, 200 minus 300 again is negative 100, so will the universe blow up or will something else happen?
1054940	1068340	Of course, what we will get is just a positive frequency at, well it should be minus 100 Hz, so we get plus 100 Hz
1068340	1084540	So that's what you see here and if you look closely, you will see that there is also a negative 400 which gets
1084540	1093900	reflected back to positive 400 and if we increase the index of modulation again, you get 700 and so on
1099100	1113900	So, negative frequencies get reflected back, in other words, we just have an absolute value here
1113900	1133460	Fantastic, I think that's really enlightening because this means that the spectrum of our signal, we have a very precise control over it
1134020	1148420	So when we will be doing some sound design, we will be able to control precisely what components are in our generated signal
1149380	1165380	So let's try the notes right now, now I want to move on to creating a pad, so let's create a pad, a very ethereal dreamy sound
1169380	1176380	I'm going to have its stereo, let's call it pad synth
1179380	1183380	And have it use a frequency and a time
1185380	1193380	So let's define a signal and return that signal, so what should we be doing to our signal?
1193380	1204380	Well, what we will be doing is just add a bunch of frequency components
1209380	1216380	All right, so you get the idea, so what should we be adding first?
1216380	1224380	One thing I like to have first is always a kind of solid body
1225340	1236340	A warm sound, which is kind of the root of our pad
1237300	1244300	Let's actually hear it right now, let's put on a 300 Hz
1248300	1256300	So you see that's a basic sound, but I don't know what to do
1257260	1266260	What we can do to make it a bit more interesting is add some modulation
1266260	1273260	So let's detune slightly the modulator from the carrier
1273260	1276260	And make it stereo
1277220	1285220	So now we get this, a slightly stereo effect
1285220	1296220	I'm not very fond of using 300 Hz here, so let me define a macro to get from a note number
1296220	1306220	To a frequency, last time I had my note numbers relative to the A440
1306220	1316220	But I like to have them related more to the middle C, which happens to be 90 Hz
1317220	1324220	So let's use that instead, we will be using a note number minus 9
1324220	1326220	Divided by 12
1326220	1334220	That will be the, that will be the, that will be the
1334220	1344220	12 tone equal temperament frequency for a note with a note number
1344220	1354220	Which is relative to middle C, so if we put N of 0 here, we should get middle C
1354220	1364220	Right, if you have perfect pitch, maybe you can notice that
1364220	1374220	Ok, so right now this does not sound like a pad at all
1374220	1384220	The problem with that is with the envelope, so let's define an envelope
1384220	1394220	Let's have it increase smoothly from 0 to 1
1394220	1404220	Over the course of, I don't know, let's say 5 tenths of a second
1404220	1414220	Right, we get some nice smooth increase
1414220	1422220	It's nice smooth increase in our signal
1422220	1432220	Let's make this a bit more interesting by adding some detuned stuff
1436220	1442220	Let's try, I don't know this
1442220	1450220	Maybe make this slightly less
1450220	1462220	Right, so we've got a very smooth, maybe a very warm body sound
1462220	1470220	What it kind of lacks is some personality
1470220	1478220	What I mean by personality is, when you get into a music mix
1478220	1484220	If you have only frequencies around 300 to 1 kHz
1484220	1488220	It will just get lost in the mix
1488220	1494220	So what we need to do is give it some, a bit higher frequencies
1494220	1500220	Very slight, but just so that it still can stick out
1500220	1506220	Even if we have a lot of masking around this center frequencies
1506220	1512220	So let's have another signal with a carrier
1512220	1516220	Which I would like it to be around 2 kHz
1516220	1520220	I don't want to do directly fc equals 2 kHz
1520220	1524220	Because then it won't be a multiple of f
1524220	1530220	So I want to round it to the closest multiple of f
1530220	1540220	And to do that, I will be doing f times round of 2000 divided by f
1540220	1549220	And now I can do fm of fcf
1549220	1555220	And what index of modulation should I use
1555220	1563220	Let's say I'd like to have about 1 kHz of frequency defiation
1563220	1568220	So it should be 1000 divided by the modulation frequency
1568220	1572220	So here we will be just using f
1572220	1576220	Let's listen to that
1576220	1581220	Right, so now we get some character, some personality
1581220	1584220	Right now it's pretty ugly
1584220	1591220	So we definitely need to add some more layering
1591220	1595220	As well as some modulation
1605220	1610220	I don't know, I'm really putting random numbers here
1614220	1620220	Let's have this a little lower
1620220	1631220	And let's have the index of modulation vary with time
1631220	1641220	Let's have, yeah just sign of t here
1642220	1645220	Maybe a bit faster
1657220	1667220	Right, that's basically the root of our signal
1667220	1675220	Maybe I can do some more modulation
1675220	1680220	Have it be a bit slower here
1680220	1684220	Like 2 times t
1684220	1689220	Or 1.9, I don't know
1690220	1692220	Minus
1699220	1705220	All right, what we can do then
1705220	1713220	Let's use it to create a chord
1713220	1716220	So how do we create a chord?
1716220	1720220	Well I'd like to have a 4 note chord
1720220	1723220	So let's have 4 frequencies
1723220	1728220	And add them to the signal
1728220	1733220	So we will just be having 6 plus equal
1733220	1741220	That's the nth of fs.xt
1741220	1746220	And the same for yz and w
1746220	1748220	And return sig
1748220	1751220	That's it
1751220	1759220	So now if we want to have a bad chord pattern
1759220	1765220	With just time in it
1765220	1769220	I will define a chord
1769220	1775220	Let's say I would like an A minor
1775220	1778220	With a B in it
1778220	1782220	So this will be A B C and E
1782220	1788220	I forgot a t here
1788220	1794220	And let's directly return pad chord of
1794220	1796220	N of chord
1796220	1801220	The frequencies of those notes
1801220	1804220	And t
1807220	1812220	So what happens then?
1821220	1825220	Right, this is getting somewhere
1826220	1832220	Ok, so let's pan those frequencies around
1832220	1835220	Let's just do it manually
1835220	1839220	So here the lowest note
1839220	1843220	Maybe I'd like to pan it a bit to the left
1843220	1848220	So let's say 0.8, 0.3
1848220	1851220	Then the middle note
1851220	1854220	Let's pan it completely to the left
1854220	1857220	Well, almost completely to the left
1857220	1859220	The second middle note
1859220	1862220	Almost completely to the right
1862220	1865220	And the last note
1865220	1868220	Slightly to the right
1868220	1871220	So what we get is
1871220	1874220	The extremes like the bass note
1874220	1877220	And highest note almost tucked in
1877220	1880220	To the center
1880220	1883220	And the rest all wider
1883220	1886220	Because no one really cares about the middle note
1886220	1891220	So we can put them really farther around
1891220	1895220	Let's hear that
1899220	1902220	This is getting spacey
1906220	1909220	One thing we can do
1909220	1912220	Is add some reverb
1912220	1916220	So we have a pad chord pattern
1916220	1922220	So let's call it a pad chord pattern verb
1922220	1925220	I'm saying reverb
1925220	1927220	It's not actually reverb
1927220	1931220	And fortunately a shader toy is not
1931220	1936220	Able to do all the stuff that you would be using
1936220	1941220	That you would be doing using usual digital signal processing
1941220	1946220	But what you can do is add a signal
1946220	1949220	With some delayed versions of it
1949220	1954220	And that's a kind of fake reverb
1954220	1958220	That is totally fine
1958220	1961220	So let's actually
1961220	1964220	So let's actually do that
1964220	1966220	Here
1966220	1970220	So we can have a pad chord pattern T
1970220	1974220	And then we can have
1974220	1978220	T minus 0.5
1978220	1981220	I don't know
1981220	1985220	Times 0.2
1985220	1988220	And that's just a delayed version of it
1991220	1995220	And let's shift
1995220	1998220	Let's swap the indices
1999220	2002220	And invert
2002220	2005220	One of the channels
2008220	2012220	So we get a more
2012220	2015220	More surprising kind of sound
2017220	2020220	Right now the chord pattern is very boring
2020220	2023220	Because we've got only one chord
2023220	2027220	So how do we go at defining
2028220	2031220	An actual chord pattern
2031220	2034220	Well, first thing I'd like to do
2034220	2038220	Is define a speed
2038220	2041220	A tempo for my song
2041220	2045220	So let's say ppm 100 beats per minute
2045220	2048220	And that would mean
2048220	2052220	That the beat duration should be
2052220	2056220	60 seconds divided by the number of beats per minute
2056220	2060220	So right now it should be a bit over half a second
2062220	2065220	And let's use that
2065220	2068220	To change up our chords
2068220	2072220	So our chord
2072220	2075220	Let's use a ternary operator
2075220	2079220	To say what chord we'd like to be using
2080220	2084220	So we will say if T is less than
2084220	2087220	4 times the beat duration
2087220	2090220	Then we will use this A minor
2093220	2096220	But then
2096220	2099220	What happens if it's not
2099220	2102220	Well it can be in the second bar
2102220	2104220	It can be in the third bar
2104220	2107220	And let's have it change 2 times
2107220	2109220	In the last bar
2109220	2112220	So we get 5 chords total
2112220	2115220	And now we just get creative
2115220	2119220	So one chord pattern that I liked
2119220	2122220	Was having
2125220	2128220	An F chord here
2131220	2136220	Let's put a D
2136220	2140220	Yeah let's put a D minor 7 here
2140220	2144220	So that's A, C, D, F
2144220	2147220	Then F major
2147220	2151220	Which will be F, A, C
2151220	2155220	And let's put a G on top
2158220	2162220	And then let's use a C major
2164220	2167220	With a D in it
2167220	2171220	G, C, D, E
2171220	2174220	And finally
2174220	2177220	Just change
2177220	2180220	Just change the C for a B
2180220	2183220	So we get
2183220	2187220	So we get a kind of G major with an E on top
2190220	2194220	Now if we play that directly we get this
2197220	2201220	A, C, D, E
2205220	2208220	Which is fine
2208220	2210220	But it's clicking
2210220	2212220	So what we need to do
2212220	2215220	Is make sure that
2215220	2218220	The notes actually restart
2218220	2221220	When we're changing chords
2221220	2224220	So let's define T current
2224220	2228220	B, T, F
2238220	2240220	So now we get the attack
2240220	2243220	But we don't have the decay
2243220	2247220	So let's have an envelope
2247220	2250220	For the decay
2250220	2253220	Float and
2253220	2256220	We need to make sure that the note goes down
2256220	2259220	To zero at the end of the note
2259220	2262220	So when should it be at zero
2262220	2265220	Well at four times beat two
2265220	2268220	And when should it be
2268220	2270220	Still at one
2270220	2274220	Well let's say at 3.5 times beat two
2274220	2277220	And now we should get this
2278220	2281220	Whoops
2281220	2284220	I have a sticker here
2294220	2297220	And I think we need to
2297220	2300220	Oh, I was actually not using
2300220	2303220	The chord pattern verb here
2304220	2307220	So yeah, let's try this
2307220	2310220	With a 1.5
2313220	2316220	1.5 beat delay
2321220	2324220	That's a bit longer, it's actually 2.75
2333220	2336220	Yeah, now if we want
2336220	2339220	Our chord pattern to repeat
2339220	2342220	We should set T equals mod
2342220	2346220	T 16 beat
2349220	2352220	But we also don't want it
2352220	2355220	Here we are using negative times
2355220	2358220	So when we are using negative times
2358220	2361220	We should set T equals mod
2361220	2364220	So when we are using negative times
2364220	2367220	We don't want there to be any sound
2367220	2370220	So let's put T equals max T0
2370220	2373220	Otherwise when we are doing this
2373220	2376220	We will get the tail of the reverb
2376220	2379220	As if there had already been sound
2379220	2382220	Before
2392220	2395220	I'm not really fond of that reverb
2395220	2398220	Let's see if I can change it up a bit
2401220	2404220	So that it's a bit more fun
2408220	2411220	Let's have some fake early reflections
2411220	2415220	Here before any actual
2415220	2418220	Before any actual
2426220	2428220	Actual reverb
2428220	2431220	And then let's set the reverb 2.25
2431220	2433220	Yeah
2434220	2436220	In there
2445220	2447220	Let's go
2455220	2458220	All right, let's roll with this
2458220	2461220	Now I want to move on to making
2461220	2464220	A lead synth
2466220	2470220	Here we will be using the same kind of technique
2471220	2474220	So let's create a lead synth
2476220	2479220	Let's say it should have a certain frequency
2479220	2482220	And a certain time
2484220	2487220	Now what I'd really like to do
2487220	2490220	Is have it play with vibrato
2493220	2496220	So let's first create a basic sound
2496220	2499220	And then I'll show you the wrong way
2499220	2502220	And the right way to the vibrato
2502220	2504220	In shader toy
2505220	2507220	So
2510220	2513220	So now we've got this basic lead
2513220	2515220	Synth sound
2515220	2518220	Which is really just
2518220	2521220	Just this
2521220	2524220	And now let's say I want
2524220	2527220	The frequency
2527220	2530220	Let's say I want to add vibrato
2531220	2534220	So what I could do
2534220	2538220	Is say let's change up the frequency a bit
2539220	2541220	Let's say we
2541220	2543220	Multiply
2543220	2546220	Or we add something to it
2546220	2549220	And it should be
2549220	2551220	Like
2551220	2554220	0.2 of a semitone
2554220	2557220	So a semitone is about
2558220	2561220	0.06 times the frequency
2561220	2563220	And
2563220	2566220	Let's say we want to have
2566220	2569220	A 5 Hz vibrato
2572220	2574220	So this will be
2574220	2577220	20 cents of a semitone
2577220	2579220	And this will be
2579220	2582220	The amount of frequency
2582220	2585220	This is the wrong way to do it
2585220	2587220	I'll explain you why
2587220	2589220	Just a bit later
2589220	2591220	But let's hear
2591220	2593220	What it does
2593220	2595220	And how it sounds
2599220	2601220	Don't do that
2601220	2603220	That's awful
2603220	2605220	So yeah
2605220	2608220	So what's happening here
2608220	2611220	Well if you recall
2611220	2614220	Earlier I said
2614220	2616220	That
2616220	2618220	That
2618220	2621220	When we have some instantaneous frequency
2621220	2623220	The phase
2623220	2625220	The derivative of the phase
2625220	2627220	Should be 2 times f
2629220	2631220	So now
2631220	2634220	What's happening is
2634220	2637220	The actual phase we're using
2640220	2642220	When we're putting this
2642220	2644220	F into fm
2644220	2647220	The actual phase we're using
2647220	2650220	Is f of t times t
2650220	2652220	And that's
2652220	2654220	That's what the problem is
2654220	2656220	Because when we
2656220	2660220	Differentiate that with respect to time
2660220	2662220	We get f of t
2662220	2664220	Sure enough
2664220	2666220	But with a product rule
2666220	2668220	We also get
2668220	2671220	f' of t times t
2671220	2674220	And this guys
2674220	2677220	Is really problematic
2677220	2680220	Here f' of t
2680220	2683220	Will be a kind of
2683220	2686220	Cosine component
2686220	2688220	And it will be increasing
2688220	2690220	With respect to time
2690220	2692220	Increasing in amplitude
2692220	2694220	So that's why we get this
2694220	2696220	Stronger and stronger
2696220	2698220	Stronger and stronger
2698220	2700220	Wobble
2703220	2705220	Yeah, don't do it
2706220	2709220	What is the right way to do it?
2709220	2711220	Well
2712220	2714220	What we want
2715220	2717220	Is for f of t
2717220	2719220	To be
2721220	2724220	Well it should be f0 plus
2725220	2729220	It's really basically the same formula as before
2729220	2732220	Plus cosine of 2pi
2733220	2736220	Times
2736220	2738220	Modulating frequency
2738220	2740220	Times time
2740220	2743220	So when we integrate it
2743220	2745220	We get that phase of t
2745220	2747220	Is f0 times t
2747220	2749220	Well 2pi sorry
2749220	2751220	2pi times f0 times t
2751220	2753220	Plus
2753220	2755220	df over fm
2755220	2757220	Times cosine
2757220	2759220	Times sine
2759220	2761220	2pi times fm
2761220	2763220	Times t
2763220	2765220	Except that now fm
2765220	2767220	Will be like 5 hertz
2767220	2769220	And f0
2769220	2771220	Will be
2771220	2773220	Well the frequency of our lead synth
2774220	2776220	And df
2776220	2778220	It should be
2778220	2780220	Something small
2784220	2787220	So yeah, this is the wrong way to do it
2787220	2789220	Let's not use that
2789220	2792220	Instead let's calculate
2792220	2796220	The phase using that formula
2796220	2799220	Let's do a function
2799220	2801220	For that
2801220	2803220	Call it vibrato phase
2805220	2807220	Have f0
2807220	2809220	df
2809220	2811220	And
2811220	2813220	Let's call it vibrato
2813220	2815220	So it's clear
2815220	2817220	We're talking about
2817220	2819220	The speed of vibrato
2823220	2825220	And
2825220	2827220	Let's even put
2827220	2829220	A semitone here
2833220	2835220	So you can say df
2835220	2837220	Will be 0.06 times f0
2837220	2839220	That is about
2839220	2841220	1 semitone
2841220	2843220	So let's multiply that by semitones
2843220	2845220	And
2845220	2847220	Then phase
2847220	2849220	Will be
2849220	2851220	This formula here
2855220	2857220	And where fm
2857220	2859220	Is vibrato
2863220	2865220	And return phase
2866220	2868220	Yeah, we need t here
2873220	2875220	And
2875220	2877220	So this is vibrato phase
2877220	2879220	Of
2879220	2881220	f
2881220	2883220	Let's have 0.2 semitones
2883220	2885220	5 hertz of vibrato
2887220	2889220	And t
2891220	2893220	But now we're getting onto a problem
2893220	2895220	Because our fm function
2895220	2897220	Doesn't get phase
2897220	2899220	It uses frequency
2901220	2903220	So yeah, whatever, let's define
2903220	2905220	A second macro
2905220	2907220	Which will be using phase
2907220	2909220	It's really simple
2911220	2913220	Let's call it fm2
2915220	2917220	Just replace fc times t
2917220	2919220	With pc
2919220	2921220	And fm times t
2921220	2923220	With pm
2923220	2925220	That's it
2929220	2931220	Let's use it
2939220	2941220	There's a problem here
2941220	2943220	And it has to do with the fact
2943220	2945220	That I used
2945220	2947220	2pi
2949220	2951220	This is actually modpc2pi
2957220	2959220	And modpm2pi
2961220	2963220	Right
2965220	2967220	So here now we're getting
2967220	2969220	A slight vibrato
2969220	2971220	I can increase it
2971220	2973220	To be more noticeable
2975220	2977220	But this is getting
2977220	2979220	Intasteful
2979220	2981220	So let's stick with that
2983220	2985220	We can also
2985220	2987220	Put some kind of envelope on our vibrato
2991220	2993220	And say
2993220	2995220	It should go from
2995220	2997220	It should start with no vibrato
2997220	2999220	And then increase
3001220	3003220	Up to its maximum
3003220	3005220	In about half a second
3007220	3009220	So now if you notice
3009220	3011220	We're getting no vibrato at the start
3011220	3013220	And some vibrato afterwards
3015220	3017220	Right
3017220	3019220	Let's make our lead sound more interesting
3021220	3023220	First thing I'd like to do
3023220	3025220	Is have
3025220	3027220	Some
3029220	3031220	Some layering
3037220	3039220	Right
3041220	3043220	Right
3043220	3045220	This is still the body
3045220	3047220	Of this sound
3047220	3049220	Let's make it a bit harsher
3055220	3057220	Right so we get a bit
3057220	3059220	Wider spectrum
3059220	3061220	And then
3063220	3065220	Let's add some presence
3065220	3067220	So presence is
3069220	3071220	Like when you have a guitar amp
3071220	3073220	And you turn up the presence
3073220	3075220	It kind of turns up
3075220	3077220	A very specific frequency
3077220	3079220	To which our ear is very sensitive
3079220	3081220	Which is about 5 kHz
3083220	3085220	So let's
3085220	3087220	Have
3087220	3089220	A carrier frequency
3089220	3091220	At about 5 kHz
3091220	3093220	Let's do the same trick
3093220	3095220	As
3095220	3097220	Before
3097220	3099220	Let's round 5 kHz
3099220	3101220	To the nearest
3101220	3103220	Multiple of
3103220	3105220	The frequency
3105220	3107220	And
3107220	3109220	Have
3109220	3111220	The index of modulation
3111220	3113220	About 2 kHz
3113220	3115220	By F
3115220	3117220	And now
3117220	3119220	We want to make sure
3119220	3121220	To use FM2 again
3121220	3123220	Because
3125220	3127220	Because we are
3127220	3129220	Dealing with some vibrato
3131220	3133220	So we can't be using FC directly
3133220	3135220	Let's use the ratio
3135220	3137220	Which is just the integer ratio
3139220	3141220	Of
3141220	3143220	Carrier frequency
3145220	3147220	So we can be using
3147220	3149220	3x phase here
3151220	3153220	And phase
3153220	3155220	And index of modulation
3155220	3157220	Let's have it times 0.01
3161220	3163220	Right
3163220	3165220	So this is getting
3165220	3167220	This is getting much brighter
3167220	3169220	This is giving us
3169220	3171220	A nice sharp
3173220	3175220	Nice sharp sound
3175220	3177220	Maybe
3183220	3185220	All right
3185220	3187220	Let's have it
3191220	3193220	Let's have some more stuff in here
3205220	3207220	Okay
3207220	3209220	And now what we need to do
3209220	3211220	Is give it a bit of attack
3211220	3213220	And for that
3213220	3215220	We will be using
3215220	3217220	A very wide
3217220	3219220	A very wide signal
3219220	3221220	Actually we don't care about
3221220	3223220	We don't care about vibrato
3223220	3225220	For the attack
3225220	3227220	So let's just use
3229220	3231220	Our simple FM
3231220	3233220	Method
3233220	3235220	What we can do
3235220	3237220	Is
3239220	3241220	Around FC
3241220	3243220	To
3243220	3245220	Actually for this one
3245220	3247220	We don't even care about
3249220	3251220	If the
3251220	3253220	Components are actually multiples
3253220	3255220	Of the frequency or not
3255220	3257220	Because it will be decreasing so fast
3261220	3263220	So let's have exponential
3263220	3265220	Of minus 20
3265220	3267220	Times time
3267220	3269220	Here let's have an index of modulation
3269220	3271220	Of
3271220	3273220	10 kHz divided by F
3273220	3275220	And here it goes
3275220	3277220	Yeah
3289220	3291220	Yeah, that's a bit 3D
3291220	3293220	Actually let's run this
3293220	3295220	To multiple a bit
3305220	3307220	Yeah
3309220	3311220	All right
3313220	3315220	Now we can play a bit with the envelope
3315220	3317220	Of it
3317220	3319220	To make it
3319220	3321220	A bit
3321220	3323220	A bit more punchy
3323220	3325220	More plucky
3327220	3329220	So when you have an audio compressor
3329220	3331220	It's a volume knob
3331220	3333220	That goes
3333220	3335220	It turns down the loud sounds with some delay
3335220	3337220	And it's used creatively
3337220	3339220	In many mixes
3339220	3341220	Because due to that delay
3341220	3343220	It kind of adds
3343220	3345220	A wobbly
3345220	3347220	Feeling to the sound
3347220	3349220	And it can get artistic very easily
3349220	3351220	So what it would do
3351220	3353220	Here
3353220	3355220	On our signal is it would detect
3355220	3357220	The transient of our synth
3357220	3359220	And with some delay
3359220	3361220	It would turn the signal down
3361220	3363220	So the transient would pass through
3363220	3365220	And then we get some turning down
3365220	3367220	And then once
3367220	3369220	We're in the body of the sound
3369220	3371220	It would turn back up a bit slowly
3377220	3379220	Yeah, let's use the envelope
3387220	3389220	So we're getting
3389220	3391220	A different kind of
3391220	3393220	Feeling
3393220	3395220	Depending on
3395220	3397220	So it changes the attack
3397220	3399220	Basically from
3401220	3403220	Hear it again
3403220	3405220	Now it's very plucky
3407220	3409220	Now it kind of spills over
3411220	3413220	I like the plucky one
3413220	3415220	And then
3415220	3417220	Let's have it
3417220	3419220	Go back up
3421220	3423220	After
3423220	3425220	Let's say
3425220	3427220	Let's say half a second
3427220	3429220	But not too much
3435220	3437220	Right now it's feeling
3437220	3439220	It's kind of pumping
3439220	3441220	It's kind of pushing down the sound
3441220	3443220	And letting it back up
3443220	3445220	I don't know if you notice
3445220	3447220	But that's one way
3447220	3449220	To help our synth
3449220	3451220	Come through in the mix
3453220	3455220	Ok, let's define
3457220	3459220	A lead synth pattern
3459220	3461220	So for the code pattern
3461220	3463220	We used
3463220	3465220	These things here
3465220	3467220	For the lead synth pattern
3467220	3469220	What I will be doing is defining
3469220	3471220	A macro
3471220	3473220	Um
3473220	3475220	Which
3475220	3477220	Adds a note
3477220	3479220	To the signal
3479220	3481220	So it will be
3481220	3483220	Using a note number
3483220	3485220	And a certain beat duration
3487220	3489220	What it will do
3489220	3491220	Is
3491220	3493220	If T is positive
3495220	3497220	And T is
3497220	3499220	Less than B
3499220	3501220	Times beat duration
3501220	3503220	Add
3509220	3511220	Elite synth
3511220	3513220	Of
3513220	3515220	What will be the frequency
3515220	3517220	The frequency will be Nfb
3517220	3519220	And time T
3521220	3523220	Moreover
3525220	3527220	We should make sure that the envelope
3527220	3529220	Goes back down to 0
3529220	3531220	So let's do a smooth step
3533220	3535220	No, sorry
3535220	3537220	NfNN
3541220	3543220	So we should define a smooth step
3543220	3545220	That goes back down after B
3549220	3551220	So it will be B times B
3551220	3553220	Ture
3553220	3555220	And it will be 1
3555220	3557220	100th of a second before
3557220	3559220	And it will be 0 afterwards
3559220	3561220	Right
3561220	3563220	And then what do we do
3563220	3565220	We say T minus equals
3565220	3567220	Big time speed tier
3569220	3571220	In order to
3571220	3573220	Skip to the next
3573220	3575220	Note
3577220	3579220	And return sig
3579220	3581220	So
3583220	3585220	So now
3585220	3587220	What should happen
3587220	3589220	If we can do
3591220	3593220	Let's say
3593220	3595220	We should play
3595220	3597220	How do we play a basic scale
3597220	3599220	A basic arpeggio
3599220	3601220	Well
3601220	3603220	Let's say AC
3605220	3607220	D
3607220	3609220	And A
3613220	3615220	This should play
3619220	3621220	And A minor arpeggio
3625220	3627220	Perfect
3629220	3631220	So it's super boring but
3631220	3633220	We're getting there
3633220	3635220	Let us
3637220	3639220	Let us define
3639220	3641220	An interesting pattern
3641220	3643220	With that
3643220	3645220	So now it's the moment when we get creative
3645220	3647220	And try to find a funny melody
3647220	3649220	I have one in my head right now
3651220	3653220	So it happens to repeat
3655220	3657220	Every 8 beats
3659220	3661220	Let's do max T0
3661220	3663220	Like the previous time to avoid
3663220	3665220	Having anything
3665220	3667220	With negative time
3669220	3671220	1.75
3671220	3673220	Beats
3673220	3675220	Of silence
3675220	3677220	At the start
3677220	3679220	But when it repeats
3679220	3681220	It might be playing some sound
3681220	3683220	At the start of the bar
3685220	3687220	Let's do that before doing the modular
3687220	3689220	And then we will be playing
3701220	3703220	Right
3703220	3705220	So this is the pattern
3705220	3707220	I've come up with
3709220	3711220	I've actually not listened to it yet
3711220	3713220	So I'm not sure if it actually works
3713220	3715220	But let's try that
3717220	3719220	And
3725220	3727220	Yeah, that's exactly
3727220	3729220	What I wanted
3731220	3733220	Like for the previous sound
3733220	3735220	Let's add
3735220	3737220	Some delay to it
3741220	3743220	One thing we can do
3743220	3745220	Is
3745220	3747220	This one
3747220	3749220	Like this
3749220	3751220	Have
3751220	3753220	Another version
3753220	3755220	With
3755220	3757220	0.75 beats
3759220	3761220	Of delay
3765220	3767220	And have a third one
3767220	3769220	With one and a half
3771220	3773220	Beats of delay
3775220	3777220	And
3781220	3783220	Which decrease in amplitude
3783220	3785220	Each time
3787220	3789220	So what will that sound like
3801220	3803220	Right, that's pretty nice
3805220	3807220	I think
3807220	3809220	We also need
3809220	3811220	To have some fake
3811220	3813220	Early reflections
3813220	3815220	So let me put
3815220	3817220	Something like
3817220	3819220	5 milliseconds of delay
3819220	3821220	And have this
3823220	3825220	Be
3829220	3831220	Like that maybe
3835220	3837220	Oh
3847220	3849220	Oh, it's not working
3849220	3851220	Oh, it's not working
3853220	3855220	Recursive function called
3855220	3857220	Yeah
3865220	3867220	Excellent
3871220	3873220	I think that will be it
3873220	3875220	For today guys
3875220	3877220	I was really glad
3877220	3879220	You could follow up until the end
3879220	3881220	Don't hesitate to share it with me
3881220	3883220	If you're doing anything creative
3883220	3885220	Anything fun
3885220	3887220	With all these ideas
3887220	3889220	You can find the link in the description
3889220	3891220	For this very script
3891220	3893220	That we have been getting to here
3895220	3897220	And in the next episode
3897220	3899220	We will be having a look at some more
3899220	3901220	Instruments
3901220	3903220	That we can create
3903220	3905220	Using frequency modulation
3905220	3907220	And some tricks
3907220	3909220	We will be doing bass
3909220	3911220	Marimba
3911220	3913220	And I think another lead sound
3913220	3915220	So that then we will be
3915220	3917220	Equipped
3917220	3919220	To start
3919220	3921220	Creating a whole song
3921220	3923220	Until then
3923220	3925220	Take care
